用户名,粉丝数,注册时间,地区,生日,关注数,用户主页

# === 需要审核（部分信息缺失，留空字段需人工确认） ===
用户8347176157,1,,,,0,https://weibo.com/u/8347176157
抹茶的麦兜2,5,,,,0,https://weibo.com/u/7891371793
张凌赫是个帅气的牛牛,1,,,,0,https://weibo.com/u/7997099858
马仔不说透不代表不知道,2,,,,0,https://weibo.com/u/5760513569
李昀锐平安,2,,,,0,https://weibo.com/u/8011199688
用户4077666067,1,,,,0,https://weibo.com/u/4077666067
_皮皮可达鸭,3,,,,0,https://weibo.com/u/7815696474
用户7968313290,8,,,,0,https://weibo.com/u/7968313290
放过我给你枪皮-zzz,2,,,,0,https://weibo.com/u/8366133044
Gemini-SuJun13,2,,,,0,https://weibo.com/u/8490198722
晴OvOADAM,9,,,,0,https://weibo.com/u/7921956484
LingheMySunshine,3,,,,0,https://weibo.com/u/8366997302
_怡嘎w,1,,,,0,https://weibo.com/u/4019879766
Koi-7a,1,,,,0,https://weibo.com/u/7942851106
蓝莓酸奶-真好喝,3,,,,0,https://weibo.com/u/9002508510
赫必发,2,,,,0,https://weibo.com/u/9074654619
Aa蕃薯小羊卷-,1,,,,0,https://weibo.com/u/7497377857
8小核桃,1,,,,0,https://weibo.com/u/7813478899
夜兰901509,7,,,,0,https://weibo.com/u/7930205496
不爱吃晚饭w,1,,,,0,https://weibo.com/u/7736572856
Z_liehR,1,,,,0,https://weibo.com/u/4099119744
粥森慧,1,,,,0,https://weibo.com/u/8463433024
用户9091168608,1,,,,0,https://weibo.com/u/9091168608
晓静_2026,1,,,,0,https://weibo.com/u/8318114012
Nuyoah-zyc,1,,,,0,https://weibo.com/u/9140144767
Lira_223,4,,,,0,https://weibo.com/u/8344146826
用户2141409960,5,,,,0,https://weibo.com/u/2141409960
用户7878403214,1,,,,0,https://weibo.com/u/7878403214
aekwara,5,,,,0,https://weibo.com/u/7965556593
凌赫琦呀,1,,,,0,https://weibo.com/u/8368634730
用户7908831474,2,,,,0,https://weibo.com/u/7908831474
衫静吟,1,,,,0,https://weibo.com/u/4082786755
好运降凌z66,7,,,,0,https://weibo.com/u/4072333986
爱笑啊的线,2,,,,0,https://weibo.com/u/7481074486
用户9077620780,1,,,,0,https://weibo.com/u/9077620780
Caroline_璇,1,,,,0,https://weibo.com/u/9139149539
赫笔小新,1,,,,0,https://weibo.com/u/7932194284
凌间拾光,3,,,,0,https://weibo.com/u/8226434138
GalaxyBoorin,4,,,,0,https://weibo.com/u/7256140408
念琳如初Lin,1,,,,0,https://weibo.com/u/4067557211
见ZLH则安,3,,,,0,https://weibo.com/u/9158932386
天使Angel彎彎,6,,,,0,https://weibo.com/u/8494100927
在清音堂吃松子的东瓜,1,,,,0,https://weibo.com/u/7999685244
用户7562215720,1,,,,0,https://weibo.com/u/7562215720
一只圆_好运版,5,,,,0,https://weibo.com/u/7980909514
ClmCzy,2,,,,0,https://weibo.com/u/7957107517
少宁-MD,2,,,,0,https://weibo.com/u/7878190534
只担Krien,1,,,,0,https://weibo.com/u/9185142881
Aaa鼠饺批发林姐_,1,,,,0,https://weibo.com/u/7850629884
用户8312500189,1,,,,0,https://weibo.com/u/8312500189
An-枕花眠,8,,,,0,https://weibo.com/u/7977733937
没有比我更喜欢你的人了,3,,,,0,https://weibo.com/u/7904163386
10狗狗爱鱼肉,1,,,,0,https://weibo.com/u/9116490510
喜欢对号入座就多坐,1,,,,0,https://weibo.com/u/7432350517
可爱螃蟹在开车,2,,,,0,https://weibo.com/u/9072883227
awie302,1,,,,0,https://weibo.com/u/9098776821
凌寜雪,7,,,,0,https://weibo.com/u/7972679055
用户7996106062,1,,,,0,https://weibo.com/u/7996106062
用户7502726240,1,,,,0,https://weibo.com/u/7502726240
做糕养你啊,1,,,,0,https://weibo.com/u/9177106467
用户4605132558,1,,,,0,https://weibo.com/u/5350346129
xing_GXR,2,,,,0,https://weibo.com/u/6598809430
Momo_松尾绒,3,,,,0,https://weibo.com/u/7855428271
眸眸HL,1,,,,0,https://weibo.com/u/4058343263
-翊晓-,1,,,,0,https://weibo.com/u/8495947395
月色漫过海岸,7,,,,0,https://weibo.com/u/7355422138
爱吃芋泥yt,10,,,,0,https://weibo.com/u/7870520615
波士顿啊,2,,,,0,https://weibo.com/u/7917662234
知与殷,1,,,,0,https://weibo.com/u/9179064768
voecto,1,,,,0,https://weibo.com/u/7847398672
屁桃hahaha,1,,,,0,https://weibo.com/u/7675460223
哈嚕嚕,6,,,,0,https://weibo.com/u/1961399175
阿兮ao,3,,,,0,https://weibo.com/u/7789294314
呆呆d屿昱,8,,,,0,https://weibo.com/u/5114502191
sakurajji,6,,,,0,https://weibo.com/u/9167088700
Eeiuuuu,1,,,,0,https://weibo.com/u/5548749126
爱凌赫的女孩最有出息,4,,,,0,https://weibo.com/u/9059342500
用户7891069349,1,,,,0,https://weibo.com/u/7891069349
tracycolin,7,,,,0,https://weibo.com/u/5931421145
烤鸭烤鸭烤肉吃,1,,,,0,https://weibo.com/u/7238096422
天菜柯宇,8,,,,0,https://weibo.com/u/7843732371
不要和奇怪的我说话o,1,,,,0,https://weibo.com/u/7793023326
青柠重度依赖者,4,,,,0,https://weibo.com/u/8010031021
谁的劉夏来53880,1,,,,0,https://weibo.com/u/6411334917
家家1112,6,,,,0,https://weibo.com/u/7919404929
是LL呀啊啊啊啊,1,,,,0,https://weibo.com/u/7967895537
芷洛菡,4,,,,0,https://weibo.com/u/9065462504
llinn琳嘻嘻,10,,,,0,https://weibo.com/u/7893904742
喝零度可乐不加糖,3,,,,0,https://weibo.com/u/5630498199
Baubay1224,2,,,,0,https://weibo.com/u/7999874300
用户9065295541,1,,,,0,https://weibo.com/u/9065295541
胖鼠_667,3,,,,0,https://weibo.com/u/6523122119
Jeab721loveAllen,10,,,,0,https://weibo.com/u/7890978354
混了社会卖个萌,10,,,,0,https://weibo.com/u/7581276002
好事难发生,3,,,,0,https://weibo.com/u/9177187200
爱赫赫isMe,1,,,,0,https://weibo.com/u/9152262049
核桃与小昊,1,,,,0,https://weibo.com/u/7856168316
超甜的小猫,1,,,,0,https://weibo.com/u/7984828680
Pornra1993,1,,,,0,https://weibo.com/u/7985731452
芝士倪妮,1,,,,0,https://weibo.com/u/7699643273
遇见你梦想中的人,3,,,,0,https://weibo.com/u/7570539804
韟錙鬫-,2,,,,0,https://weibo.com/u/7860919982
886是什么,2,,,,0,https://weibo.com/u/7314190738
凌刻心动,2,,,,0,https://weibo.com/u/7986775565
yiyim0,5,,,,0,https://weibo.com/u/7362991594
凌赫不翻我牌不改名,5,,,,0,https://weibo.com/u/7682428373
Yi_LuNing,3,,,,0,https://weibo.com/u/7397262108
pyai凌,1,,,,0,https://weibo.com/u/7799533373
神灯神灯不楞灯,1,,,,0,https://weibo.com/u/7641562263
是核桃哦ht,1,,,,0,https://weibo.com/u/4005990055
為什麼不說我們沒有明天_,2,,,,0,https://weibo.com/u/8017798386
0hhhhh_,1,,,,0,https://weibo.com/u/7976595716
王靖貽,6,,,,0,https://weibo.com/u/7520563868
土豆星人_X,4,,,,0,https://weibo.com/u/5746294499
小心翼翼的喜欢你,3,,,,0,https://weibo.com/u/7817617422
喝奶茶版_,3,,,,0,https://weibo.com/u/7745427139
欢心辰baby,0,,,,0,https://weibo.com/u/2615266565
来自越南的小核桃,2,,,,0,https://weibo.com/u/9080648047
予赫萬事安an,1,,,,0,https://weibo.com/u/8222717921
Petchyx,2,,,,0,https://weibo.com/u/7850690965
Soeyh-1006,2,,,,0,https://weibo.com/u/8430379708
爱吃土豆子D7,1,,,,0,https://weibo.com/u/7731860249
赫星予我,2,,,,0,https://weibo.com/u/6426211961
Ling_12号,1,,,,0,https://weibo.com/u/4098548637
零贰風茄猫酱,10,,,,0,https://weibo.com/u/7776380965
LinguisticAyou,3,,,,0,https://weibo.com/u/7505955100
qqttm1,9,,,,0,https://weibo.com/u/7319915367
十月HfBx,5,,,,0,https://weibo.com/u/7543527629
凌赫的核桃姐,1,,,,0,https://weibo.com/u/6149206793
Ling9号机,1,,,,0,https://weibo.com/u/8385682121
昊特特Neo,9,,,,0,https://weibo.com/u/7942101712
规律喇嘛塔,2,,,,0,https://weibo.com/u/7886420386
用户8449002086,1,,,,0,https://weibo.com/u/8449002086
晨光的阳,5,,,,0,https://weibo.com/u/6890102480
爱吃西红柿炒鸡蛋的小核桃,9,,,,0,https://weibo.com/u/8200762855
用户9043946301,1,,,,0,https://weibo.com/u/9043946301
在飞船喝汤的滑雪板,1,,,,0,https://weibo.com/u/8396474564
肉蛋堡5,1,,,,0,https://weibo.com/u/7714425517
谢贞3095,1,,,,0,https://weibo.com/u/4038089134
用户8250753632,1,,,,0,https://weibo.com/u/8250753632
追梦蜂糖野炊,1,,,,0,https://weibo.com/u/7977662897
七个核桃8,7,,,,0,https://weibo.com/u/7777689611
用户9087784561,1,,,,0,https://weibo.com/u/9087784561
我要做鸡腿饭,9,,,,0,https://weibo.com/u/5866826542
用户7991442717,1,,,,0,https://weibo.com/u/7991442717
波涛凌凌,3,,,,0,https://weibo.com/u/9095787527
美美儿呀,1,,,,0,https://weibo.com/u/7387943666
小猪哼哼-真爱降凌版,2,,,,0,https://weibo.com/u/9159945220
半颗核桃Y,2,,,,0,https://weibo.com/u/7955493247
凌空一羽落清辉,1,,,,0,https://weibo.com/u/9112306533
用户7893121408,1,,,,0,https://weibo.com/u/7893121408
用户4019180708,1,,,,0,https://weibo.com/u/4019180708
下周日nn,1,,,,0,https://weibo.com/u/7801916539
用户6905698827,9,,,,0,https://weibo.com/u/6905698827
小狗不是最厉害哒,1,,,,0,https://weibo.com/u/8353858714
小狗不是最厉害滴,2,,,,0,https://weibo.com/u/8365128470
凌晨的暗号z,3,,,,0,https://weibo.com/u/7834827704
YaiAu,1,,,,0,https://weibo.com/u/5856745983
鞠-宛瑜,2,,,,0,https://weibo.com/u/7931115681
亿个核桃啊,1,,,,0,https://weibo.com/u/7775640076
发呆半只羊,3,,,,0,https://weibo.com/u/7581500083
UrbanRoamer,2,,,,0,https://weibo.com/u/7928274738
思慕-Zz,2,,,,0,https://weibo.com/u/7901645708
Tear赫,1,,,,0,https://weibo.com/u/9025590071
Chi_miffy,2,,,,0,https://weibo.com/u/1831116205
用户9060149690,1,,,,0,https://weibo.com/u/9060149690
一墨渡风,1,,,,0,https://weibo.com/u/4018496510
林核桃x,5,,,,0,https://weibo.com/u/7461555020
heejung78,2,,,,0,https://weibo.com/u/8334405856
今天也吃酸辣粉,3,,,,0,https://weibo.com/u/8018170167
用户5375237354,2,,,,0,https://weibo.com/u/5375237354
L_Minnie25,2,,,,0,https://weibo.com/u/6010967558
赤赤赫核桃ty,4,,,,0,https://weibo.com/u/5320406398
hoonq_,6,,,,0,https://weibo.com/u/7591621937
用户8213673339,1,,,,0,https://weibo.com/u/8213673339
自由砂糖橘拍写真,3,,,,0,https://weibo.com/u/9114655173
我不想上晚自习啊啊啊啊,1,,,,0,https://weibo.com/u/7944673208
悖魚人,1,,,,0,https://weibo.com/u/7892642558
玉暎_红润的脸庞,7,,,,0,https://weibo.com/u/8473576138
狍啊兔啊虾啊鱼啊,1,,,,0,https://weibo.com/u/7852688961
Luv_linghe30,3,,,,0,https://weibo.com/u/8320945104
Nebuld,1,,,,0,https://weibo.com/u/8256201634
蓣鬰,1,,,,0,https://weibo.com/u/7915324599
赫赫的小核桃J,5,,,,0,https://weibo.com/u/4005711578
椿煜槑,1,,,,0,https://weibo.com/u/7475609476
睡眠异术家,2,,,,0,https://weibo.com/u/6423106382
沦陷jpg,9,,,,0,https://weibo.com/u/7853910084
你错了就得认_,1,,,,0,https://weibo.com/u/2729074154
用户4036564004,1,,,,0,https://weibo.com/u/4036564004
芷爱张凌赫,2,,,,0,https://weibo.com/u/8276489232
乐雾__lu,3,,,,0,https://weibo.com/u/7972269710
璐霖0916,1,,,,0,https://weibo.com/u/8446576849
小小花卷z,1,,,,0,https://weibo.com/u/6865880152
一鹿逆风15,7,,,,0,https://weibo.com/u/6278278239
赴林屿赫,2,,,,0,https://weibo.com/u/7434810752
赫厉波特,1,,,,0,https://weibo.com/u/4039411005
赫你易起,10,,,,0,https://weibo.com/u/7489015214
养只猫咪叫噜噜,1,,,,0,https://weibo.com/u/8499779073
小核核核桃桃,1,,,,0,https://weibo.com/u/7520960585
世界上最好吃的是面包,1,,,,0,https://weibo.com/u/9014286656
凌小七来啦,1,,,,0,https://weibo.com/u/8015826953
发很久的呆_L,3,,,,0,https://weibo.com/u/7818625903
Baitoey199105,7,,,,0,https://weibo.com/u/9004789435
我的满分男是天使,9,,,,0,https://weibo.com/u/8008721431
用户9096634389,1,,,,0,https://weibo.com/u/9096634389
嫇鶕,1,,,,0,https://weibo.com/u/4091259630
嚼LinLin,6,,,,0,https://weibo.com/u/7433340738
用户9188807977,1,,,,0,https://weibo.com/u/9188807977
卵母细胞与单精,2,,,,0,https://weibo.com/u/6245629147
用户8432022251,1,,,,0,https://weibo.com/u/8432022251
-冰冷的前妻,1,,,,0,https://weibo.com/u/7904283284
Ploy_lol,1,,,,0,https://weibo.com/u/7423764856
恭喜发财发财发,1,,,,0,https://weibo.com/u/9058419800
blue好昀降凌,1,,,,0,https://weibo.com/u/8334083902
廖英杰低压电力安装,1,,,,0,https://weibo.com/u/8303478833
青柠or西瓜,1,,,,0,https://weibo.com/u/9005016925
花华吧啦啦啦,2,,,,0,https://weibo.com/u/7487858273
用户7124882296,1,,,,0,https://weibo.com/u/7124882296
用户7366207992,2,,,,0,https://weibo.com/u/7366207992
安妮米爾克,1,,,,0,https://weibo.com/u/8243974497
KK追心儿,3,,,,0,https://weibo.com/u/6295467047
你像繁星,1,,,,0,https://weibo.com/u/9169763519
在花店打盹的甜甜圈,1,,,,0,https://weibo.com/u/8375401910
该用户已下线z,4,,,,0,https://weibo.com/u/8401954590
凌然炸鸡-,1,,,,0,https://weibo.com/u/8437713173
在月宫玩杂耍的鸢尾,6,,,,0,https://weibo.com/u/8455401247
hqq520xyc,1,,,,0,https://weibo.com/u/9022737591
Jeny_Jeny,1,,,,0,https://weibo.com/u/7783159592
sasass_m,2,,,,0,https://weibo.com/u/7649066830
單字稆,1,,,,0,https://weibo.com/u/8019260350
晚月铃199503,5,,,,0,https://weibo.com/u/8007997793
就这个赫儿萌1230,2,,,,0,https://weibo.com/u/9046849791
Lark-1230,2,,,,0,https://weibo.com/u/7433963144
用户8487778548,2,,,,0,https://weibo.com/u/8487778548
_我看到你在看我,4,,,,0,https://weibo.com/u/8337034749
晴朝鱼,2,,,,0,https://weibo.com/u/7886642882
用户8452935034,1,,,,0,https://weibo.com/u/8452935034
贞贞很贞,1,,,,0,https://weibo.com/u/9057145535
赫然zlh,5,,,,0,https://weibo.com/u/8467866878
张凌赫你要不要嗦粉,1,,,,0,https://weibo.com/u/7751099794
Y核桃守护张凌赫,1,,,,0,https://weibo.com/u/7306046519
沐星_凌,4,,,,0,https://weibo.com/u/7056094069
赫赫赫曦曦曦,1,,,,0,https://weibo.com/u/9036520190
凌赫的小银河,4,,,,0,https://weibo.com/u/8009861718
婉婉爱吃糖199912,1,,,,0,https://weibo.com/u/7680493851
月光下的葡萄架wrx,10,,,,0,https://weibo.com/u/5565063116
小晓讨厌被骗,3,,,,0,https://weibo.com/u/8407575078
就是玮你好z,4,,,,0,https://weibo.com/u/7993565025
思楠1986,2,,,,0,https://weibo.com/u/7353353215
最特别的你_Hiozeu,5,,,,0,https://weibo.com/u/4074433928
森语萌宠,1,,,,0,https://weibo.com/u/8451370082
Lottie_-,10,,,,0,https://weibo.com/u/7296528135
燃启寰宇,6,,,,0,https://weibo.com/u/5204995374
小许xixi,5,,,,0,https://weibo.com/u/7677421404
Uniquexin_,1,,,,0,https://weibo.com/u/7831993924
Zzyilh_好运降凌,2,,,,0,https://weibo.com/u/8270263836
dd清风明月1,2,,,,0,https://weibo.com/u/7275781013
邱大星2002,1,,,,0,https://weibo.com/u/7606786904
小核桃旋旋,1,,,,0,https://weibo.com/u/8396973977
-今天有没有想我-,3,,,,0,https://weibo.com/u/7682328926
小核桃--爱佑媛,1,,,,0,https://weibo.com/u/4077338088
别再錯過202108,1,,,,0,https://weibo.com/u/7849913417
腌鱼yuyuyu,1,,,,0,https://weibo.com/u/5497161726
爱你的Cherryyy_,2,,,,0,https://weibo.com/u/8007501807
核桃咕咕叫,2,,,,0,https://weibo.com/u/7809922447
听听凌赫说了啥,2,,,,0,https://weibo.com/u/8014862680
抱走凌赫的一只猫,2,,,,0,https://weibo.com/u/4047797658
北榆的雨-rain,2,,,,0,https://weibo.com/u/7737967105
用户3899174374,1,,,,0,https://weibo.com/u/3899174374
凌赫今天看我了没,2,,,,0,https://weibo.com/u/8497775218
每天都要赫水,9,,,,0,https://weibo.com/u/7505823458
女王喜欢红色,2,,,,0,https://weibo.com/u/6807395339
梦归鱼-Nancy,2,,,,0,https://weibo.com/u/8417470913
岑祺鑫鑫,2,,,,0,https://weibo.com/u/7765442710
九七年1230,8,,,,0,https://weibo.com/u/7934990057
风信子202604,1,,,,0,https://weibo.com/u/9177905706
在桥上学太极的杏仁酥,1,,,,0,https://weibo.com/u/7989023832
柚清不吃柚,3,,,,0,https://weibo.com/u/7974903794
奇怪ggg,4,,,,0,https://weibo.com/u/9011996795
xi_xi1111,2,,,,0,https://weibo.com/u/6797448210
用户4075579611,1,,,,0,https://weibo.com/u/4075579611
-银鱼巷_,2,,,,0,https://weibo.com/u/7584723987
-凌忌Lira,1,,,,0,https://weibo.com/u/9152272672
藕雅漾,1,,,,0,https://weibo.com/u/8411630396
拓荒者83,2,,,,0,https://weibo.com/u/7938508925
sarahaeyoo,1,,,,0,https://weibo.com/u/7499276254
muyamilayer,3,,,,0,https://weibo.com/u/7011818017
核桃酱本酱,2,,,,0,https://weibo.com/u/7990424684
吨吨喝冰美式,5,,,,0,https://weibo.com/u/7904412323
小星的然,1,,,,0,https://weibo.com/u/9091057206
用户7389653965,1,,,,0,https://weibo.com/u/7389653965
喜欢张凌赫只是命中注定而已,2,,,,0,https://weibo.com/u/7997460780
梦想的光需要你努力,1,,,,0,https://weibo.com/u/7862712118
KreyoShi02,4,,,,0,https://weibo.com/u/7834680329
whdzryzlh,2,,,,0,https://weibo.com/u/7927099369
家承玮德,1,,,,0,https://weibo.com/u/4093050844
798001ii,4,,,,0,https://weibo.com/u/7933680981
用户8493290740,1,,,,0,https://weibo.com/u/8493290740
婳姸吖,1,,,,0,https://weibo.com/u/4043180279
小核桃凹凸熳,2,,,,0,https://weibo.com/u/6744313239
鼻梁有痣zlh,1,,,,0,https://weibo.com/u/5150085523
宇郁宁吖,1,,,,0,https://weibo.com/u/7933396617
蔬絻,1,,,,0,https://weibo.com/u/8493269609
DEfish对吧,5,,,,0,https://weibo.com/u/8227765337
SvoeT,2,,,,0,https://weibo.com/u/7568639715
张凌赫你看看我啊,4,,,,0,https://weibo.com/u/7240779484
土豆思5292,1,,,,0,https://weibo.com/u/7783007890
A易敖瑶,1,,,,0,https://weibo.com/u/4071650245
Leeneow,3,,,,0,https://weibo.com/u/7923865578
用户8399188982,1,,,,0,https://weibo.com/u/8399188982
美目盼凌赫,5,,,,0,https://weibo.com/u/4048453695
听凌说幸福,2,,,,0,https://weibo.com/u/8017389158
Ss海棠花未眠,1,,,,0,https://weibo.com/u/6941797982
凌鸢尾诗愛,5,,,,0,https://weibo.com/u/7564694267
星钦天,2,,,,0,https://weibo.com/u/7981475244
凌赫Moon,4,,,,0,https://weibo.com/u/7930765839
用户3874875882,3,,,,0,https://weibo.com/u/3874875882
别卷卷我咸鱼,1,,,,0,https://weibo.com/u/9109002945
阿狸不吃梨-z,3,,,,0,https://weibo.com/u/7790888867
被ZLH治愈的日子,3,,,,0,https://weibo.com/u/7554948601
用户7952112361,3,,,,0,https://weibo.com/u/7952112361
零碎小怡怡怡,1,,,,0,https://weibo.com/u/7780930448
Katrina-小倩,8,,,,0,https://weibo.com/u/5847814696
keats_y_,5,,,,0,https://weibo.com/u/9140959451
谁说世界早已没有选择1230肖,0,,,,0,https://weibo.com/u/2701465594
txwVivian1014,2,,,,0,https://weibo.com/u/7990669653
江礼nineteen,5,,,,0,https://weibo.com/u/6569199020
小洁爱喝核桃露,2,,,,0,https://weibo.com/u/7748350975
天使用户ivr,3,,,,0,https://weibo.com/u/6498413110
啊呀呀hi,1,,,,0,https://weibo.com/u/7913691632
赫桃qop,2,,,,0,https://weibo.com/u/7675368436
护花使者199704,3,,,,0,https://weibo.com/u/5976766698
ReiRei1230,1,,,,0,https://weibo.com/u/8430872893
余子酱酱呀,3,,,,0,https://weibo.com/u/7712271506
凌赫今晚早点睡,1,,,,0,https://weibo.com/u/8378532635
-Mouoii,1,,,,0,https://weibo.com/u/7902402885
恨过yy,1,,,,0,https://weibo.com/u/9044096536
玲00000000呀,2,,,,0,https://weibo.com/u/7422012133
--------Aurora-------,2,,,,0,https://weibo.com/u/9111617687
麦辣鸡腿堡zik,1,,,,0,https://weibo.com/u/7918754359
Daisy_v-,2,,,,0,https://weibo.com/u/5676812066
abcdefcmyh,5,,,,0,https://weibo.com/u/7856092367
忘忧草198806,1,,,,0,https://weibo.com/u/6407132085
栀凌夏1230,2,,,,0,https://weibo.com/u/9145614415
只喜欢家玮呢,8,,,,0,https://weibo.com/u/7408685796
别催啦_核桃仁要炸了T-T,3,,,,0,https://weibo.com/u/7915968945
想见张凌赫lh,8,,,,0,https://weibo.com/u/6639594663
发电一线值班员,1,,,,0,https://weibo.com/u/8219782291
Doria_oh,2,,,,0,https://weibo.com/u/2984011887
唯怡Yiiiiii,1,,,,0,https://weibo.com/u/7605069130
念浔幂落幕,4,,,,0,https://weibo.com/u/7620869862
用户7553507305,1,,,,0,https://weibo.com/u/7553507305
大小无趣b_1ZT,1,,,,0,https://weibo.com/u/2919902193
柘珃,4,,,,0,https://weibo.com/u/7848585754
薇薇D小世界,9,,,,0,https://weibo.com/u/8415604211
用户4084700488,1,,,,0,https://weibo.com/u/4084700488
白白馨,1,,,,0,https://weibo.com/u/7902621457
kk无尽夏,3,,,,0,https://weibo.com/u/9188718074
Alee88_,1,,,,0,https://weibo.com/u/8225832078
拾烬zlh的小核桃,1,,,,0,https://weibo.com/u/9025611013
小赫赫zlh,1,,,,0,https://weibo.com/u/7972265910
用户7942425106,2,,,,0,https://weibo.com/u/7942425106
权志龙的吻,3,,,,0,https://weibo.com/u/7958203789
多次核桃补脑,3,,,,0,https://weibo.com/u/7710248224
Mimk-y,1,,,,0,https://weibo.com/u/7794189806
禧媄,1,,,,0,https://weibo.com/u/7571893499
苏子叶28,1,,,,0,https://weibo.com/u/4004398293
骂我的肆爱慕,1,,,,0,https://weibo.com/u/8214144585
雾漫与赫,3,,,,0,https://weibo.com/u/7951768855
用户7990563436,1,,,,0,https://weibo.com/u/7990563436
生吃何苏叶z,5,,,,0,https://weibo.com/u/9180190328
张张张张凌凌凌赫zlh,1,,,,0,https://weibo.com/u/7938974732
夢兔记忆落水一只貓,6,,,,0,https://weibo.com/u/7881174863
围着小凌团团转,4,,,,0,https://weibo.com/u/7985879377
雾纱漫游,9,,,,0,https://weibo.com/u/7897294887
Kiku_爱上了你,2,,,,0,https://weibo.com/u/9056506142
乌灰的雾嘿,1,,,,0,https://weibo.com/u/8006905225
用户8380198052,1,,,,0,https://weibo.com/u/8380198052
TudeTooh,1,,,,0,https://weibo.com/u/8352781138
用户7811436257,1,,,,0,https://weibo.com/u/7811436257
告理纱,1,,,,0,https://weibo.com/u/7993252336
张凌赫想不想小核桃1230,1,,,,0,https://weibo.com/u/8337396837
Dilrien,9,,,,0,https://weibo.com/u/7455019961
小核桃-Maria,3,,,,0,https://weibo.com/u/7518414514
凌赫之鱼,1,,,,0,https://weibo.com/u/7965126783
Annapoan,1,,,,0,https://weibo.com/u/5359674411
失忆的咩an,1,,,,0,https://weibo.com/u/9151015052
ayaa_zillynee,3,,,,0,https://weibo.com/u/7965132097
白式逃逸,2,,,,0,https://weibo.com/u/4001767889
liinKrine,1,,,,0,https://weibo.com/u/7935701122
jztcgs,1,,,,0,https://weibo.com/u/9196525448
用户7656619333,6,,,,0,https://weibo.com/u/7656619333
L耀吃刘丸,7,,,,0,https://weibo.com/u/7483234181
And相遇,8,,,,0,https://weibo.com/u/7994436676
忠诚斑马在化妆,3,,,,0,https://weibo.com/u/7693793490
赫ZLH牛牛哞,4,,,,0,https://weibo.com/u/7745831289
洗幻赫,9,,,,0,https://weibo.com/u/7939853679
爱凌赫集邮,3,,,,0,https://weibo.com/u/9182185452
LH无忘生欢,1,,,,0,https://weibo.com/u/9180248517
WJHHHH0,4,,,,0,https://weibo.com/u/7805399295
Farse52,3,,,,0,https://weibo.com/u/7776696730
小小赫桃桃,1,,,,0,https://weibo.com/u/9172677731
凌帝Zling1-1,1,,,,0,https://weibo.com/u/9192255950
ttkilig_,3,,,,0,https://weibo.com/u/7889418465
凌间遇Krien,1,,,,0,https://weibo.com/u/8294421926
要不你去薯呐1,2,,,,0,https://weibo.com/u/7743742062
kgmID凌,3,,,,0,https://weibo.com/u/7417269767
最最讨厌张凌赫,1,,,,0,https://weibo.com/u/7968783076
虾咪赫颖,3,,,,0,https://weibo.com/u/7932721837
優咪Pan,1,,,,0,https://weibo.com/u/4008032104
Krien--Y,2,,,,0,https://weibo.com/u/7808990404
用户8362320584,2,,,,0,https://weibo.com/u/8362320584
盐系鱼-Y-Z,10,,,,0,https://weibo.com/u/7904675353
赫色星軌zzz,1,,,,0,https://weibo.com/u/8283392589
困-困静不熬夜,1,,,,0,https://weibo.com/u/9003077730
用户5512254298,8,,,,0,https://weibo.com/u/5512254298
夹心小菠ZLH,5,,,,0,https://weibo.com/u/6182452760
用户8284760115,1,,,,0,https://weibo.com/u/8284760115
屿凌z,1,,,,0,https://weibo.com/u/8410045904
Theresa_202604,2,,,,0,https://weibo.com/u/4073224711
aimechanson,1,,,,0,https://weibo.com/u/4047063274
听说灵中有灵鹤,5,,,,0,https://weibo.com/u/8000952030
用户7315307201,1,,,,0,https://weibo.com/u/7315307201
心予凌赫小核桃,3,,,,0,https://weibo.com/u/4021763665
好运来凌-,3,,,,0,https://weibo.com/u/7827367657
小璐Yiiu,1,,,,0,https://weibo.com/u/7755587567
-明天会怎么样-,1,,,,0,https://weibo.com/u/8011048710
yoio1230,6,,,,0,https://weibo.com/u/7776612176
失信h,1,,,,0,https://weibo.com/u/8472820090
婉词赫,2,,,,0,https://weibo.com/u/7975934026
嘟嘟果13,1,,,,0,https://weibo.com/u/7796809184
黑捨,2,,,,0,https://weibo.com/u/7894224435
fddyhj,1,,,,0,https://weibo.com/u/8003458164
用户05100510,1,,,,0,https://weibo.com/u/7827300401
寄橘子,3,,,,0,https://weibo.com/u/7998799283
莫莫7307,3,,,,0,https://weibo.com/u/6509044127
虚伪201111,1,,,,0,https://weibo.com/u/8286130176
cici-斯琪,1,,,,0,https://weibo.com/u/9013815896
潘潘yueh08,3,,,,0,https://weibo.com/u/8244053452
雪樱藏于赫间,5,,,,0,https://weibo.com/u/7784153587
x徐清子,1,,,,0,https://weibo.com/u/4087708767
涉身玫瑰与海,4,,,,0,https://weibo.com/u/7856045621
就想现在见到N,2,,,,0,https://weibo.com/u/7300489765
清清赫,1,,,,0,https://weibo.com/u/7970164247
银河系蛋挞ii_ii,2,,,,0,https://weibo.com/u/7794560976
凌柒钰锶,1,,,,0,https://weibo.com/u/8012925217
YUDD435,5,,,,0,https://weibo.com/u/8009474596
勇敢牛牛zlh,1,,,,0,https://weibo.com/u/8325917904
樹賢王,5,,,,0,https://weibo.com/u/7457281672
磕得开心,5,,,,0,https://weibo.com/u/7652087430
用户8269625241,1,,,,0,https://weibo.com/u/8269625241
杰tali,4,,,,0,https://weibo.com/u/7880014365
ChilliChill77,3,,,,0,https://weibo.com/u/8328408551
爱着一个赫,3,,,,0,https://weibo.com/u/8461816562
Togetherchi17,3,,,,0,https://weibo.com/u/8466472057
赫赫uu,1,,,,0,https://weibo.com/u/6267292231
可爱没烦恼j,6,,,,0,https://weibo.com/u/8001198019
iiuuu_any,6,,,,0,https://weibo.com/u/7886554430
用户9159986030,1,,,,0,https://weibo.com/u/9159986030
凌帧止,3,,,,0,https://weibo.com/u/7622747967
狂拽鹤羽爱古玩,1,,,,0,https://weibo.com/u/8396991630
甜腻番茄玩剪纸,2,,,,0,https://weibo.com/u/8375392065
想你时写信-,2,,,,0,https://weibo.com/u/7737401307
Nina赫,1,,,,0,https://weibo.com/u/8220408546
用户8476106182,1,,,,0,https://weibo.com/u/8476106182
新比小辣,2,,,,0,https://weibo.com/u/7281550124
yuii72011,5,,,,0,https://weibo.com/u/7977834066
是小yu鸭zy,1,,,,0,https://weibo.com/u/4008723619
冰LoveKrienZhang,2,,,,0,https://weibo.com/u/8273095846
用户5991003055,3,,,,0,https://weibo.com/u/5991003055
又逢萶,2,,,,0,https://weibo.com/u/7867375980
张凌赫好好好帅,2,,,,0,https://weibo.com/u/8204836588
李氏樱桃,8,,,,0,https://weibo.com/u/1760749605
寻仄666,1,,,,0,https://weibo.com/u/8018541656
Ai0h-krien张凌赫z,4,,,,0,https://weibo.com/u/8393380168
快乐羽扇织毛衣,1,,,,0,https://weibo.com/u/8415361655
爱吃年糕xh,7,,,,0,https://weibo.com/u/7729382878
李孟安619,1,,,,0,https://weibo.com/u/6668766181
小郑郑郑_oh,1,,,,0,https://weibo.com/u/7815762256
怡hhhh,1,,,,0,https://weibo.com/u/7912868553
知否知否2026,3,,,,0,https://weibo.com/u/7949660474
z-l-h_love,1,,,,0,https://weibo.com/u/4033663060
凌霜映卿,1,,,,0,https://weibo.com/u/7934817056
o9u7s,1,,,,0,https://weibo.com/u/8372634231
祎颗酱橘子,1,,,,0,https://weibo.com/u/7783776714
风栖梧0923,4,,,,0,https://weibo.com/u/6177379897
核宁1丶2,3,,,,0,https://weibo.com/u/8368636168
神智不清的小灼,3,,,,0,https://weibo.com/u/6468336652
折菱花zlh,2,,,,0,https://weibo.com/u/7874181740
夏至之后的我86445,2,,,,0,https://weibo.com/u/8205406720
不是小哭包z,1,,,,0,https://weibo.com/u/4063731839
poesy09,1,,,,0,https://weibo.com/u/8447329594
用户6220975875,1,,,,0,https://weibo.com/u/6220975875
我想考第1,1,,,,0,https://weibo.com/u/7567690139
艳赫双行,7,,,,0,https://weibo.com/u/7645360151
Ran_翊欣,3,,,,0,https://weibo.com/u/7942753405
Ahmiyzzh,1,,,,0,https://weibo.com/u/6550043559
本雅1,1,,,,0,https://weibo.com/u/9024725197
絕對快樂_J,4,,,,0,https://weibo.com/u/7492194667
用户7103184642,1,,,,0,https://weibo.com/u/7103184642
心向凌z,8,,,,0,https://weibo.com/u/9195166199
用户9174485078,1,,,,0,https://weibo.com/u/9174485078
Eclipsun,4,,,,0,https://weibo.com/u/7745918617
鼻噶拌香菜馋哭龟蜜,1,,,,0,https://weibo.com/u/4031036870
豸卬弓长Yy,8,,,,0,https://weibo.com/u/6206097451
林亚未1011,1,,,,0,https://weibo.com/u/7727804517
w妤婕,1,,,,0,https://weibo.com/u/7774665680
张凌赫的小迷妹17,7,,,,0,https://weibo.com/u/7966245778
这箭在弦上0837,1,,,,0,https://weibo.com/u/7738337766
不眠岛呀,4,,,,0,https://weibo.com/u/7949622251
愛追劇的小宇宙,5,,,,0,https://weibo.com/u/4052390817
降凌He,4,,,,0,https://weibo.com/u/8391490380
爱吃核桃呢,1,,,,0,https://weibo.com/u/9016868208
凌风吹尽温柔意_,5,,,,0,https://weibo.com/u/9072485693
用户8257774730,1,,,,0,https://weibo.com/u/8257774730
偷走张凌赫的户口本,2,,,,0,https://weibo.com/u/7648603299
龇牙JK,6,,,,0,https://weibo.com/u/8222611944
用户6602469119,1,,,,0,https://weibo.com/u/6602469119
甜甜的柚柚子u,2,,,,0,https://weibo.com/u/7567882274
怎样才能得到张凌赫z,1,,,,0,https://weibo.com/u/9036285285
张家大小姐-小核桃,5,,,,0,https://weibo.com/u/5263592593
djing710506,5,,,,0,https://weibo.com/u/6203952223
白思甜Stamp,1,,,,0,https://weibo.com/u/9069451827
許海y,3,,,,0,https://weibo.com/u/8008760319
nookkyung,1,,,,0,https://weibo.com/u/8004115736
用户5867488308,2,,,,0,https://weibo.com/u/5867488308
无锡小笼包-,3,,,,0,https://weibo.com/u/7949238523
用户8201952283,1,,,,0,https://weibo.com/u/8201952283
张凌赫-核桃粉,2,,,,0,https://weibo.com/u/8387009544
Linh咂,1,,,,0,https://weibo.com/u/7978171535
1994的小核桃,5,,,,0,https://weibo.com/u/7201975740
TamaNgoc玉,2,,,,0,https://weibo.com/u/8399748756
雪雪酱yaya,1,,,,0,https://weibo.com/u/7905009121
一颗葡萄桃555_,3,,,,0,https://weibo.com/u/7788322864
小iu7,3,,,,0,https://weibo.com/u/7904435231
用户7794350129,7,,,,0,https://weibo.com/u/7794350129
观兰因,3,,,,0,https://weibo.com/u/6439778027
凌瑾雨,7,,,,0,https://weibo.com/u/7858540231
Luna逆光,1,,,,0,https://weibo.com/u/7929495130
其实不我想熬夜,8,,,,0,https://weibo.com/u/5201653944
十六屿_凌赫求你翻牌我,9,,,,0,https://weibo.com/u/5882706326
想_想什么呢,6,,,,0,https://weibo.com/u/7798673354
用户4008537417,1,,,,0,https://weibo.com/u/4008537417
冰冻的睡美人,7,,,,0,https://weibo.com/u/7822447542
辻村夏鲤,3,,,,0,https://weibo.com/u/5756192994
用户8420792747,1,,,,0,https://weibo.com/u/8420792747
桔子静1230,5,,,,0,https://weibo.com/u/8267003345
烟雨度生平,1,,,,0,https://weibo.com/u/7606866620
小莹饼干脆-,7,,,,0,https://weibo.com/u/6576731406
小核桃们来集合啦,7,,,,0,https://weibo.com/u/7980022892
赫风冬过,4,,,,0,https://weibo.com/u/8413176907
凌naya_1112,3,,,,0,https://weibo.com/u/8009066893
赫妮00,3,,,,0,https://weibo.com/u/9047985605
环岛针,3,,,,0,https://weibo.com/u/6753314878
可以滚到凌赫怀里吗,1,,,,0,https://weibo.com/u/7989238046
纤凝xfs,2,,,,0,https://weibo.com/u/8218387460
泪_永别,3,,,,0,https://weibo.com/u/8218445435
裴相大人,1,,,,0,https://weibo.com/u/5631844422
用户7946580754,3,,,,0,https://weibo.com/u/7946580754
木易亞OvO,4,,,,0,https://weibo.com/u/5150085381
辣条味的淇毅果,4,,,,0,https://weibo.com/u/6378388911
_5UK,1,,,,0,https://weibo.com/u/4025699872
用户8315286419,2,,,,0,https://weibo.com/u/8315286419
与赫一起a,1,,,,0,https://weibo.com/u/8017448329
用户8318086164,1,,,,0,https://weibo.com/u/8318086164
箢云,4,,,,0,https://weibo.com/u/7747956481
Xanthe-06,7,,,,0,https://weibo.com/u/7883815392
颖颖-202603,1,,,,0,https://weibo.com/u/8299512198
赫刀客,2,,,,0,https://weibo.com/u/4021482966
知因有赫,2,,,,0,https://weibo.com/u/4079555236
咖啡kkkkk,10,,,,0,https://weibo.com/u/7841959306
小鹿不迷茫呀,1,,,,0,https://weibo.com/u/7769165331
77好运降凌,2,,,,0,https://weibo.com/u/8235963517
shuyumam,2,,,,0,https://weibo.com/u/6781407280
赫一口核桃汁ya,1,,,,0,https://weibo.com/u/7853446623
在森林小径玩弹弓的枣子,2,,,,0,https://weibo.com/u/7982947078
He滞,1,,,,0,https://weibo.com/u/6643811914
凌赫酱ovo_,5,,,,0,https://weibo.com/u/8250399741
用户8360263718,1,,,,0,https://weibo.com/u/8360263718
赫你梦场,8,,,,0,https://weibo.com/u/9130642048
赴清橙,2,,,,0,https://weibo.com/u/7622064794
长珩不衍t,4,,,,0,https://weibo.com/u/8013783811
核桃林守护凌赫2,2,,,,0,https://weibo.com/u/4033286272
张凌赫滴小核桃儿,4,,,,0,https://weibo.com/u/6664404651
鼻涕妞的执着,6,,,,0,https://weibo.com/u/6869183502
牵牛花来喽,3,,,,0,https://weibo.com/u/9003856829
弓长冫夌赤赤zlh,4,,,,0,https://weibo.com/u/7882177793
-Rita-moon,1,,,,0,https://weibo.com/u/9101287535
張淩赫最宠宝宝,5,,,,0,https://weibo.com/u/4072137867
陌年微凉50387,2,,,,0,https://weibo.com/u/7851123009
有个小猪想养只猫,2,,,,0,https://weibo.com/u/7651684396
赫光凝朗月,1,,,,0,https://weibo.com/u/9173944568
桃气泡泡5,2,,,,0,https://weibo.com/u/7397788267
敖敖ovo,2,,,,0,https://weibo.com/u/7631687913
星柚my,9,,,,0,https://weibo.com/u/7549840071
一只小凌豆,8,,,,0,https://weibo.com/u/7739126790
赫映初雪,2,,,,0,https://weibo.com/u/9165878106
香香香香菜___,5,,,,0,https://weibo.com/u/7944831740
Bear荒野星辰,1,,,,0,https://weibo.com/u/7939005946
L沈凌远,2,,,,0,https://weibo.com/u/7702413222
曾信奖,1,,,,0,https://weibo.com/u/4053007744
珊珊来凌1230,3,,,,0,https://weibo.com/u/8285613403
爱一界赫尔,2,,,,0,https://weibo.com/u/7973516043
牛牛想吃核桃,3,,,,0,https://weibo.com/u/8011945257
仙人吃饭,8,,,,0,https://weibo.com/u/7501888334
廊亭听风雨,1,,,,0,https://weibo.com/u/6244033372
凌霜廿一,8,,,,0,https://weibo.com/u/6064705612
無奈桃子,4,,,,0,https://weibo.com/u/7004721747
用户6228225936,1,,,,0,https://weibo.com/u/6228225936
KwKw3,4,,,,0,https://weibo.com/u/8287656933
英加家,2,,,,0,https://weibo.com/u/8015811735
文奎1230,5,,,,0,https://weibo.com/u/7894124815
然有一只铭,1,,,,0,https://weibo.com/u/2951321281
赫赫俞,1,,,,0,https://weibo.com/u/9036646228
Merliah82s,1,,,,0,https://weibo.com/u/7956255675
睡觉的时候不困hh__hh,4,,,,0,https://weibo.com/u/7946278433
闲红茶00,9,,,,0,https://weibo.com/u/5922122779
赫桃的核,3,,,,0,https://weibo.com/u/7971761861
Yilia-费玥瑶,7,,,,0,https://weibo.com/u/8259068156
云间凌赫1,2,,,,0,https://weibo.com/u/7738787090
用户7953714561,2,,,,0,https://weibo.com/u/7953714561
小啾啾0824,1,,,,0,https://weibo.com/u/2708044392
在咖啡馆指挥的糖心蛋,2,,,,0,https://weibo.com/u/8368989939
在山顶喝咖啡的考拉,1,,,,0,https://weibo.com/u/8460042461
ake0712,1,,,,0,https://weibo.com/u/4011991535
柚子我吃吃吃,1,,,,0,https://weibo.com/u/2798505503
可爱画笔爱护肤,1,,,,0,https://weibo.com/u/8422524110
linqingan,1,,,,0,https://weibo.com/u/4015350340
用户8355863412,1,,,,0,https://weibo.com/u/8355863412
兜宝259695,2,,,,0,https://weibo.com/u/5888491761
超丝宝宝不开心,6,,,,0,https://weibo.com/u/7793830510
锦李0816,2,,,,0,https://weibo.com/u/7903570305
我在旁观话少,7,,,,0,https://weibo.com/u/6963470900
祉泯,1,,,,0,https://weibo.com/u/7809304237
泠57729,1,,,,0,https://weibo.com/u/7749600556
47ForLing赫,1,,,,0,https://weibo.com/u/8340534642
笑笑鹭路儿820420,1,,,,0,https://weibo.com/u/8369996635
Mole888886,1,,,,0,https://weibo.com/u/8008093860
心有祎赫,3,,,,0,https://weibo.com/u/8015443300
summerxht,3,,,,0,https://weibo.com/u/9122139270
核桃林守护凌赫,2,,,,0,https://weibo.com/u/7975792670
凌赫_叙,3,,,,0,https://weibo.com/u/7752395400
核桃林守护凌赫1,2,,,,0,https://weibo.com/u/8236783764
琳眯眯-L,1,,,,0,https://weibo.com/u/7932090337
有个牛牛叫赫赫,10,,,,0,https://weibo.com/u/8449376619
HoneyChali,3,,,,0,https://weibo.com/u/5736878025
吃不胖的小核桃,3,,,,0,https://weibo.com/u/7988796462
少个Q,2,,,,0,https://weibo.com/u/8015905350
卡皮巴拉赫儿,3,,,,0,https://weibo.com/u/9121533494
今天星期几_T,2,,,,0,https://weibo.com/u/7554968794
睡懒觉的羊儿,3,,,,0,https://weibo.com/u/9014060951
阮氏秋贞1403,4,,,,0,https://weibo.com/u/8002772128
赫赫永恒,3,,,,0,https://weibo.com/u/8293910277
端庄海狮爱风景,1,,,,0,https://weibo.com/u/8244533011
楠楠在犯困,3,,,,0,https://weibo.com/u/6310482739
人间精品199204,1,,,,0,https://weibo.com/u/7521850409
会跳舞的Z·Z,1,,,,0,https://weibo.com/u/4040253825
哥哥鼻尖有颗痣_,1,,,,0,https://weibo.com/u/7979194502
豪放蜂蜜吃葡萄,2,,,,0,https://weibo.com/u/8003824076
用户8450318310,1,,,,0,https://weibo.com/u/8450318310
oh最最帅,3,,,,0,https://weibo.com/u/6584203631
用户5791856198,6,,,,0,https://weibo.com/u/5791856198
用户7832623963,2,,,,0,https://weibo.com/u/7832623963
苡丹覓雪,3,,,,0,https://weibo.com/u/5508667216
小丸子chiikw,8,,,,0,https://weibo.com/u/6508710328
核桃夹子Hz,7,,,,0,https://weibo.com/u/6872294426
豪迈麒麟撒娇,1,,,,0,https://weibo.com/u/9055059573
萌萌地蕾,9,,,,0,https://weibo.com/u/9065072938
96瀧是你1713,3,,,,0,https://weibo.com/u/7455069873
鼻梁上有痣z,7,,,,0,https://weibo.com/u/7444210241
小裔要努力,7,,,,0,https://weibo.com/u/5825610089
用户8367127208,1,,,,0,https://weibo.com/u/8367127208
Bubble_满月,1,,,,0,https://weibo.com/u/7930629810
Lu璐璐璐璐ya,2,,,,0,https://weibo.com/u/5503948779
桃桃_Zzang,1,,,,0,https://weibo.com/u/7810211142
ffffffcfc,1,,,,0,https://weibo.com/u/8482119977
彭喜玲_Oilly,1,,,,0,https://weibo.com/u/7988516494
用户6209682611,1,,,,0,https://weibo.com/u/6209682611
醇-Selen,1,,,,0,https://weibo.com/u/4093498299
长得太萌被分尸,1,,,,0,https://weibo.com/u/9163266432
玉康宁Yukangning,1,,,,0,https://weibo.com/u/7607953216
DeeDee皇,6,,,,0,https://weibo.com/u/4045679950
陈斦,8,,,,0,https://weibo.com/u/7739349832
宅猫欣z,1,,,,0,https://weibo.com/u/8230421621
张凌赫的红底鞋,6,,,,0,https://weibo.com/u/9004351494
wrntnoey,9,,,,0,https://weibo.com/u/9147408033
周六晚rv,2,,,,0,https://weibo.com/u/7804675907
Neilinaw,2,,,,0,https://weibo.com/u/7751733183
芜染不爱月,1,,,,0,https://weibo.com/u/7936392678
comfortinurarms,1,,,,0,https://weibo.com/u/7754340687
用户7463943298,6,,,,0,https://weibo.com/u/7463943298
EmilyTsaiiiii,4,,,,0,https://weibo.com/u/7350061197
zOh12123030,1,,,,0,https://weibo.com/u/8473399923
西南03543,2,,,,0,https://weibo.com/u/8344899738
GabyGaleano,1,,,,0,https://weibo.com/u/8253506263
核桃薄荷冰激凌,1,,,,0,https://weibo.com/u/8348571620
zzzllllhhhhh,2,,,,0,https://weibo.com/u/8449279556
艾芸Emma,1,,,,0,https://weibo.com/u/6309376388
快乐小钻石,7,,,,0,https://weibo.com/u/7887734820
面包脑袋fine,10,,,,0,https://weibo.com/u/7849330586
中意一个傻瓜,2,,,,0,https://weibo.com/u/7312709433
赫色流哖z,2,,,,0,https://weibo.com/u/8257109574
用户8352443521,1,,,,0,https://weibo.com/u/8352443521
晚安7839986544,2,,,,0,https://weibo.com/u/7839986544
逐赤之旅,1,,,,0,https://weibo.com/u/7190724860
染雾云,1,,,,0,https://weibo.com/u/7595436158
超群兔子吃泡面,1,,,,0,https://weibo.com/u/9136274749
赫桃甜柚,8,,,,0,https://weibo.com/u/5800778155
书吧静听拉丁陷阱,1,,,,0,https://weibo.com/u/7886643571
腼腆玉米放空,1,,,,0,https://weibo.com/u/9190552894
Xixiww西西,1,,,,0,https://weibo.com/u/8356952065
我就吃一口真的真的,3,,,,0,https://weibo.com/u/8371190013
-为qq封心-,2,,,,0,https://weibo.com/u/7464397783
淡定美人,2,,,,0,https://weibo.com/u/6975555511
Queenie_lts,6,,,,0,https://weibo.com/u/6153355387
Tira96,3,,,,0,https://weibo.com/u/5603348409
展览会的小核桃卡卡,7,,,,0,https://weibo.com/u/7923121921
-枝零恨,3,,,,0,https://weibo.com/u/8445819563
我担就是古颜一,2,,,,0,https://weibo.com/u/8020127053
用户7781459892,1,,,,0,https://weibo.com/u/7781459892
我最愛張凌赫了啦,5,,,,0,https://weibo.com/u/7992640018
在渔村做美容的胡椒瓶,1,,,,0,https://weibo.com/u/8370291640
用户8004153104,2,,,,0,https://weibo.com/u/8004153104
恬凌気微,2,,,,0,https://weibo.com/u/9090884938
优郁的小核桃,2,,,,0,https://weibo.com/u/9022434982
只是爱哥哥罢了,2,,,,0,https://weibo.com/u/8467498004
用户7474797970,3,,,,0,https://weibo.com/u/7474797970
卡皮吧拉_1230加1,3,,,,0,https://weibo.com/u/8225272006
用户8274186924,3,,,,0,https://weibo.com/u/8274186924
丨Goodbai-丨,4,,,,0,https://weibo.com/u/6351377656
在南极吃蛋挞的烟花,6,,,,0,https://weibo.com/u/8269177254
老轩大大爷,2,,,,0,https://weibo.com/u/8238908584
Anitalin1991,6,,,,0,https://weibo.com/u/5631228274
核桃小琦,1,,,,0,https://weibo.com/u/8011394887
kraigelno_,3,,,,0,https://weibo.com/u/7979077104
人生的尽头是孤独,1,,,,0,https://weibo.com/u/8428098351
sharon大頭,7,,,,0,https://weibo.com/u/6365316811
萱萱萱萱萱zzz,1,,,,0,https://weibo.com/u/7991484125
爱死张凌赫z,1,,,,0,https://weibo.com/u/4088396665
VENUS-小核桃,8,,,,0,https://weibo.com/u/8002192919
吃好不豆土,5,,,,0,https://weibo.com/u/7805067500
Wwwwuuu_55,1,,,,0,https://weibo.com/u/6662186366
bobbabob_,2,,,,0,https://weibo.com/u/7987819762
chole-Wg,1,,,,0,https://weibo.com/u/8018517446
ajayismeyeh,1,,,,0,https://weibo.com/u/8279602094
困倦美食家oo,5,,,,0,https://weibo.com/u/7998636095
小羊爱吃小核桃,2,,,,0,https://weibo.com/u/7768327491
靓love凌,2,,,,0,https://weibo.com/u/4051006253
穗桡,10,,,,0,https://weibo.com/u/7974403249
赫我在東京看夕陽候凌晨,8,,,,0,https://weibo.com/u/4016818678
宁安如梦深,1,,,,0,https://weibo.com/u/8454242739
毁受,1,,,,0,https://weibo.com/u/8227634188
柚子树下牛和我,1,,,,0,https://weibo.com/u/7739514259
昊der呀,7,,,,0,https://weibo.com/u/7889477485
逢风而动,1,,,,0,https://weibo.com/u/8442069911
小核桃在线,3,,,,0,https://weibo.com/u/7289681682
只为你归凌,1,,,,0,https://weibo.com/u/7644073885
核核核3799,3,,,,0,https://weibo.com/u/7557399121
凌静-oh,4,,,,0,https://weibo.com/u/4051453519
爱吃乔麦面-,2,,,,0,https://weibo.com/u/7774020145
瞌睡虫西瓜,5,,,,0,https://weibo.com/u/6322886997
用户8288150148,2,,,,0,https://weibo.com/u/8288150148
mrn05__,1,,,,0,https://weibo.com/u/4087953693
发呆小羊k,3,,,,0,https://weibo.com/u/7746371753
梨翅翅翅,1,,,,0,https://weibo.com/u/7901495526
纸老虎-Krien,2,,,,0,https://weibo.com/u/7900613664
得得aurora,2,,,,0,https://weibo.com/u/7995679978
Xxiaoyy-,2,,,,0,https://weibo.com/u/7859851687
一路向北Yyyyyyy_,2,,,,0,https://weibo.com/u/8473344357
笨笨超标,6,,,,0,https://weibo.com/u/8357296246
坚韧枫树爱种菜,1,,,,0,https://weibo.com/u/8437770472
暂借雨,4,,,,0,https://weibo.com/u/7867887621
0h想见版,2,,,,0,https://weibo.com/u/5811352718
7877881208小七,3,,,,0,https://weibo.com/u/7877881208
不白痴的核桃,3,,,,0,https://weibo.com/u/7825970764
赫-lh12,1,,,,0,https://weibo.com/u/4040731650
输赔,2,,,,0,https://weibo.com/u/7546860718
Nancccyyyyyy,4,,,,0,https://weibo.com/u/7852453372
牙不齐mm,1,,,,0,https://weibo.com/u/7938319594
凝核桃,1,,,,0,https://weibo.com/u/9038106916
核桃Huu,7,,,,0,https://weibo.com/u/9036908454
就翻我吧,1,,,,0,https://weibo.com/u/8326903894
啊波吃嘚呃佛歌,3,,,,0,https://weibo.com/u/7469084890
若世界不公正,3,,,,0,https://weibo.com/u/7539674877
肥嘟嘟双飞人,2,,,,0,https://weibo.com/u/7370532671
用户601167845,4,,,,0,https://weibo.com/u/6011678457
misia83,6,,,,0,https://weibo.com/u/8018669306
kiri_yu,6,,,,0,https://weibo.com/u/8013022446
用户8364033031,1,,,,0,https://weibo.com/u/8364033031
喜欢张凌赫的棉花糖,7,,,,0,https://weibo.com/u/4086483375
肉桂肥卷卷z,1,,,,0,https://weibo.com/u/7972504009
凌凌凌0h_z,3,,,,0,https://weibo.com/u/6982991211
核核核核核核核桃桃,2,,,,0,https://weibo.com/u/8299593598
坦然松鼠学烹饪,1,,,,0,https://weibo.com/u/9042949334
赫桃过敏呀,1,,,,0,https://weibo.com/u/8234831007
朝恋海,3,,,,0,https://weibo.com/u/8243662748
ling0-7,2,,,,0,https://weibo.com/u/7757029805
我家小娇妻名叫张凌赫,3,,,,0,https://weibo.com/u/8474711588
舒傲寒的skr,7,,,,0,https://weibo.com/u/6444930376
意靜_Crystal,1,,,,0,https://weibo.com/u/6742439648
凌赫猪,1,,,,0,https://weibo.com/u/4055405111
z凌听雨声落_lh,3,,,,0,https://weibo.com/u/9047058596
用户8284708033,1,,,,0,https://weibo.com/u/8284708033
心予小核桃,2,,,,0,https://weibo.com/u/7943766143
亭子的亭丫,4,,,,0,https://weibo.com/u/7269639031
核桃大王nb,3,,,,0,https://weibo.com/u/5353827918
心沁0717,6,,,,0,https://weibo.com/u/6656402478
用户7998667976,1,,,,0,https://weibo.com/u/7998667976
潔西卡卡住了,7,,,,0,https://weibo.com/u/4092564374
丰月莲,1,,,,0,https://weibo.com/u/7941245747
在梯田演戏的孔雀,1,,,,0,https://weibo.com/u/8458738959
张凌赫田曦薇99,1,,,,0,https://weibo.com/u/7700759245
粉色恶霸-,7,,,,0,https://weibo.com/u/6597331574
我不会娇倩,1,,,,0,https://weibo.com/u/7949346471
张凌赫一直走花路吧,1,,,,0,https://weibo.com/u/7894843632
胭脂小核,1,,,,0,https://weibo.com/u/8483512962
籽籽H-,3,,,,0,https://weibo.com/u/4035713587
用户9017368636,2,,,,0,https://weibo.com/u/9017368636
josephine1123,6,,,,0,https://weibo.com/u/6539894458
凌赫的鼻梁痣zzz,8,,,,0,https://weibo.com/u/9160824522
不是炎不是淡而是琰z,1,,,,0,https://weibo.com/u/7859801632
雾行途,1,,,,0,https://weibo.com/u/7784168864
如果你懂我0131,3,,,,0,https://weibo.com/u/7917000920
爱是一瓶止痛药,1,,,,0,https://weibo.com/u/7875123231
凌赫每天要早睡,1,,,,0,https://weibo.com/u/8237290383
怎么不理我-_-,3,,,,0,https://weibo.com/u/6517142625
满心予凌赫,5,,,,0,https://weibo.com/u/8341550268
海盐核桃花生酱_,6,,,,0,https://weibo.com/u/7481143284
Marine202612,4,,,,0,https://weibo.com/u/8247208323
我老公帅翻全世界,3,,,,0,https://weibo.com/u/8449305813
我们小曼宝,5,,,,0,https://weibo.com/u/5667211791
Buzzer_0,2,,,,0,https://weibo.com/u/7936530502
张凌赫miss,5,,,,0,https://weibo.com/u/7893427571
樱冰雪09068,1,,,,0,https://weibo.com/u/6178899459
他总是害羞还脸红,3,,,,0,https://weibo.com/u/7955530512
半熟Dawn,7,,,,0,https://weibo.com/u/8361898461
陈陈0h,1,,,,0,https://weibo.com/u/7887457626
Uiop冰,1,,,,0,https://weibo.com/u/8495090643
用户8371731468,1,,,,0,https://weibo.com/u/8371731468
芥末吐司66,3,,,,0,https://weibo.com/u/8013518145
是小小糜鹿呀,1,,,,0,https://weibo.com/u/4042341704
屿宁舟,7,,,,0,https://weibo.com/u/7137845465
用户7937552235,8,,,,0,https://weibo.com/u/7937552235
-an讨厌数学课-,2,,,,0,https://weibo.com/u/7356052028
凌家肖女孩,6,,,,0,https://weibo.com/u/7870672926
李雲lee,4,,,,0,https://weibo.com/u/7942023220
zling_赫赫赫赫,1,,,,0,https://weibo.com/u/7453981326
Qasamo,2,,,,0,https://weibo.com/u/6378840141
征征小女,1,,,,0,https://weibo.com/u/8245066742
开心市民小戢_,5,,,,0,https://weibo.com/u/6781744754
想见张凌赫z10086次,2,,,,0,https://weibo.com/u/8487019781
11leoun,3,,,,0,https://weibo.com/u/7817427087
凌晨隅隈_,2,,,,0,https://weibo.com/u/9131773986
用户8224735571,1,,,,0,https://weibo.com/u/8224735571
清可_9,10,,,,0,https://weibo.com/u/7985557953
抓住一枚赫,6,,,,0,https://weibo.com/u/8003037349
悲伤麻辣烫z,9,,,,0,https://weibo.com/u/7939345879
悲伤羊肉串z,5,,,,0,https://weibo.com/u/7941885698
折椿要天天开心_,9,,,,0,https://weibo.com/u/7558799438
悲伤双皮奶z,5,,,,0,https://weibo.com/u/7940816946
凌养一只0h,4,,,,0,https://weibo.com/u/7415597208
赫譩,1,,,,0,https://weibo.com/u/4080713131
Glora-_-,7,,,,0,https://weibo.com/u/5187913333
悲伤红烧肉z,5,,,,0,https://weibo.com/u/7939816115
琦琦乐乐memory,4,,,,0,https://weibo.com/u/7892654965
我是怎么你了同学1230,1,,,,0,https://weibo.com/u/9184931725
第贰拾壹个心愿,1,,,,0,https://weibo.com/u/9031050222
金核桃1230,1,,,,0,https://weibo.com/u/8435961131
核桃你吃饺子了吗,8,,,,0,https://weibo.com/u/8003437330
iluv7u,9,,,,0,https://weibo.com/u/7532150921
用户7778653628,1,,,,0,https://weibo.com/u/7778653628
用户7966069417,6,,,,0,https://weibo.com/u/7966069417
-LynnHay,8,,,,0,https://weibo.com/u/7903423740
用户8227531408,1,,,,0,https://weibo.com/u/8227531408
想见凌赫版,1,,,,0,https://weibo.com/u/7771976953
好xiang妳,1,,,,0,https://weibo.com/u/7852302686
萌而欣,1,,,,0,https://weibo.com/u/8283939750
张凌赫你就这样不理我,3,,,,0,https://weibo.com/u/6477104889
Krien祎颗核桃,4,,,,0,https://weibo.com/u/8387918650
糯米小丸芽,9,,,,0,https://weibo.com/u/7940759980
xhzl赫赫赫赫,2,,,,0,https://weibo.com/u/7773499360
核桃味的544z,8,,,,0,https://weibo.com/u/6303217277
我拒绝张凌赫一万次,3,,,,0,https://weibo.com/u/8420980374
zizi_fang,2,,,,0,https://weibo.com/u/8362607625
__Oreo_7,1,,,,0,https://weibo.com/u/9104964180
TFboys-林-三只,3,,,,0,https://weibo.com/u/3162326024
z牛牛t,2,,,,0,https://weibo.com/u/7964714300
能不能让数学物理化学消失,4,,,,0,https://weibo.com/u/7816796363
拾壹遇凌赫,2,,,,0,https://weibo.com/u/7923012939
许念不爱跳舞,2,,,,0,https://weibo.com/u/7998181448
2730核中有桃桃中有赫,2,,,,0,https://weibo.com/u/7671563550
临睡前0616,4,,,,0,https://weibo.com/u/8383673976
赫月星ZLH,5,,,,0,https://weibo.com/u/6420958621
有事打幺幺凌,2,,,,0,https://weibo.com/u/7501331245
林启你超棒,9,,,,0,https://weibo.com/u/7888506840
枳实1025,3,,,,0,https://weibo.com/u/7439948646
次口cookie_,2,,,,0,https://weibo.com/u/7919133886
大月亮_江皓月,2,,,,0,https://weibo.com/u/7998181837
y76322512,1,,,,0,https://weibo.com/u/8216836479
凌听赫你不眠曲,3,,,,0,https://weibo.com/u/4074539241
_笙雨兮_,10,,,,0,https://weibo.com/u/7771151879
用户8273847110,1,,,,0,https://weibo.com/u/8273847110
是家玮控,5,,,,0,https://weibo.com/u/7933714657
Grey_Pin_,1,,,,0,https://weibo.com/u/8276139556
轻简一地繁华,4,,,,0,https://weibo.com/u/5951915035
记住琰就好,2,,,,0,https://weibo.com/u/7930276995
祁晓轩_炎乾,4,,,,0,https://weibo.com/u/7946120170
草莓欣不甜,1,,,,0,https://weibo.com/u/9193175891
悲伤铁板烧z,4,,,,0,https://weibo.com/u/7939791858
pang平900,10,,,,0,https://weibo.com/u/7886787365
小茶的浅喜淡欢,5,,,,0,https://weibo.com/u/6915110796
我是小可爱回归,2,,,,0,https://weibo.com/u/8316856781
悲伤曲奇饼z,7,,,,0,https://weibo.com/u/7784294800
朝妍琉念,2,,,,0,https://weibo.com/u/7068392790
蒋峤西哥哥,3,,,,0,https://weibo.com/u/7496104444
暗游鱼的瞳,3,,,,0,https://weibo.com/u/7832792093
赫赫和uu,1,,,,0,https://weibo.com/u/7853472438
核桃的赫式浪漫,2,,,,0,https://weibo.com/u/4034676622
_光未然_,10,,,,0,https://weibo.com/u/7944245471
谢危_居安,4,,,,0,https://weibo.com/u/7946120101
_gggilbert,1,,,,0,https://weibo.com/u/7465464754
siri_n_bumb,1,,,,0,https://weibo.com/u/9054218585
小兔喵喵喵8,1,,,,0,https://weibo.com/u/5265610587
麦司冲冲鸭,2,,,,0,https://weibo.com/u/7999173047
凌赫好帅zz,5,,,,0,https://weibo.com/u/6316306777
赤赤的墨镜,5,,,,0,https://weibo.com/u/8214650355
赫你好吗6,4,,,,0,https://weibo.com/u/8385750367
缦美-October,1,,,,0,https://weibo.com/u/8253548238
爱你请响凌,10,,,,0,https://weibo.com/u/7963741836
陳布丁-Mua,6,,,,0,https://weibo.com/u/3166113585
不爱吃甜-爱张凌赫版,2,,,,0,https://weibo.com/u/7900916949
丽丽爱子期007,1,,,,0,https://weibo.com/u/8404925931
吾20h,2,,,,0,https://weibo.com/u/4028755028
别挤我赫的核桃酥,2,,,,0,https://weibo.com/u/9179039159
用户8240771773,2,,,,0,https://weibo.com/u/8240771773
用户8395815218,1,,,,0,https://weibo.com/u/8395815218
胡尾生你是个宝宝,2,,,,0,https://weibo.com/u/7998766005
帅牛牛的小核桃,1,,,,0,https://weibo.com/u/5390938421
宫子羽_羽公子,4,,,,0,https://weibo.com/u/7946314318
数学想考霖分,2,,,,0,https://weibo.com/u/7808824319
小比格_慕容清峄,9,,,,0,https://weibo.com/u/7944306567
用户4094368338,2,,,,0,https://weibo.com/u/4094368338
第拾玖个心愿,1,,,,0,https://weibo.com/u/9111047301
誩苬,4,,,,0,https://weibo.com/u/8465438249
眼尾猫,5,,,,0,https://weibo.com/u/7916523703
知凌赫ZLH,1,,,,0,https://weibo.com/u/8322989859